{
  "alt": 500,
  "alt_type": "BARO",
  "livery_id": "italy aeronautica militare",
  "skill": "Client",
  "ropeLength": 15,
  "speed": 44.444444444444,
  "type": "Ka-50",
  "Radio": {
    "1": {
      "modulations": {},
      "channels": {
        "7": 40,
        "1": 21.5,
        "2": 25.7,
        "4": 28,
        "8": 50,
        "9": 55.5,
        "5": 30,
        "10": 59.9,
        "3": 27,
        "6": 32
      }
    },
    "2": {
      "modulations": {},
      "channels": {
        "15": 0.995,
        "13": 0.583,
        "7": 0.443,
        "1": 0.625,
        "2": 0.303,
        "4": 0.591,
        "8": 0.215,
        "16": 1.21,
        "9": 0.525,
        "5": 0.408,
        "10": 1.065,
        "14": 0.283,
        "3": 0.289,
        "6": 0.803,
        "12": 0.35,
        "11": 0.718
      }
    }
  },
  "unitId": 21,
  "psi": -2.2514747350727,
  "y": 631032.73425791,
  "x": -327143.42767293,
  "name": "Rotary-12-1",
  "payload": {
    "pylons": {},
    "fuel": 1450,
    "flare": 128,
    "chaff": 0,
    "gun": 100
  },
  "heading": 2.2514747350727,
  "callsign": {
    "1": 4,
    "2": 2,
    "3": 1,
    "name": "Colt21"
  },
  "onboard_num": "021"
}
