{
  "alt": 500,
  "alt_type": "BARO",
  "livery_id": "combat sable",
  "skill": "Client",
  "speed": 44.444444444444,
  "AddPropAircraft": {
    "NS430allow": true
  },
  "type": "SA342Mistral",
  "Radio": {
    "1": {
      "modulations": {
        "6": 0,
        "2": 0,
        "8": 0,
        "3": 0,
        "1": 0,
        "4": 0,
        "5": 0,
        "7": 0
      },
      "channels": {
        "6": 41,
        "2": 31,
        "8": 50,
        "3": 32,
        "1": 30,
        "4": 33,
        "5": 40,
        "7": 42
      }
    }
  },
  "unitId": 67,
  "psi": -3.9269908169872,
  "y": 631237.3556962,
  "x": -327493.67744349,
  "name": "Rotary-9-1",
  "payload": {
    "pylons": {},
    "fuel": 416.33,
    "flare": 32,
    "chaff": 0,
    "gun": 100
  },
  "heading": 3.9269908169872,
  "callsign": {
    "1": 1,
    "2": 2,
    "3": 1,
    "name": "Enfield21"
  },
  "onboard_num": "018"
}
