{
  "alt": 500,
  "alt_type": "BARO",
  "livery_id": "combat sable",
  "skill": "Client",
  "speed": 44.444444444444,
  "AddPropAircraft": {
    "NS430allow": true
  },
  "type": "SA342Minigun",
  "Radio": {
    "1": {
      "modulations": {
        "6": 0,
        "2": 0,
        "8": 0,
        "3": 0,
        "1": 0,
        "4": 0,
        "5": 0,
        "7": 0
      },
      "channels": {
        "6": 41,
        "2": 31,
        "8": 50,
        "3": 32,
        "1": 30,
        "4": 33,
        "5": 40,
        "7": 42
      }
    }
  },
  "unitId": 157,
  "psi": -0.78539816339745,
  "y": 631266.02361314,
  "x": -327468.31432674,
  "name": "Rotary-35-1",
  "payload": {
    "pylons": {},
    "fuel": 416.33,
    "flare": 32,
    "chaff": 0,
    "gun": 100
  },
  "heading": 0.78539816339745,
  "callsign": {
    "1": 8,
    "2": 4,
    "3": 1,
    "name": "Pontiac41"
  },
  "onboard_num": "044"
}
