{
  "alt": 500,
  "hardpoint_racks": true,
  "alt_type": "BARO",
  "livery_id": "default",
  "skill": "Client",
  "ropeLength": 15,
  "speed": 44.444444444444,
  "AddPropAircraft": {
    "FuelProbeEnabled": false,
    "NetCrewControlPriority": 1
  },
  "type": "UH-60L",
  "Radio": {
    "2": {
      "modulations": {
        "1": 0,
        "2": 0,
        "4": 0,
        "8": 0,
        "16": 0,
        "17": 0,
        "9": 0,
        "18": 0,
        "5": 0,
        "10": 0,
        "20": 0,
        "11": 0,
        "3": 0,
        "6": 0,
        "12": 0,
        "13": 0,
        "7": 0,
        "14": 0,
        "19": 0,
        "15": 0
      },
      "channels": {
        "1": 264,
        "2": 265,
        "4": 254,
        "8": 258,
        "16": 267,
        "17": 251,
        "9": 262,
        "18": 253,
        "5": 250,
        "10": 259,
        "20": 252,
        "11": 268,
        "3": 256,
        "6": 270,
        "12": 269,
        "13": 260,
        "7": 257,
        "14": 263,
        "19": 266,
        "15": 261
      }
    },
    "3": {
      "modulations": {
        "1": 0,
        "2": 0
      },
      "channels": {
        "1": 124,
        "2": 127.5
      }
    },
    "1": {
      "modulations": {
        "6": 0,
        "2": 0,
        "8": 0,
        "3": 0,
        "1": 0,
        "4": 0,
        "5": 0,
        "7": 0
      },
      "channels": {
        "6": 41,
        "2": 31,
        "8": 50,
        "3": 32,
        "1": 30,
        "4": 33,
        "5": 40,
        "7": 42
      }
    },
    "4": {
      "modulations": {
        "6": 0,
        "2": 0,
        "8": 0,
        "3": 0,
        "1": 0,
        "4": 0,
        "5": 0,
        "7": 0
      },
      "channels": {
        "6": 41,
        "2": 31,
        "8": 50,
        "3": 32,
        "1": 30,
        "4": 33,
        "5": 40,
        "7": 42
      }
    },
    "5": {
      "modulations": {
        "1": 0,
        "2": 0
      },
      "channels": {
        "1": 3,
        "2": 10
      }
    }
  },
  "unitId": 15,
  "psi": -5.8992128717408,
  "y": 631106.97102814,
  "x": -327241.29608384,
  "name": "Rotary-7-1",
  "payload": {
    "pylons": {},
    "fuel": 1362,
    "flare": 60,
    "chaff": 30,
    "gun": 100,
    "restricted": {}
  },
  "heading": 5.8992128717408,
  "callsign": {
    "1": 7,
    "2": 1,
    "3": 1,
    "name": "Chevy11"
  },
  "onboard_num": "016"
}
